"","from","to","weight"
"1","vir_ASV_1","ASV_360",0.0581095460239688
"2","vir_ASV_2","ASV_1030",-0.020802778855629
"3","vir_ASV_3","ASV_27",-0.0158393239304453
"4","vir_ASV_3","ASV_135",0.00946619418884156
"5","vir_ASV_3","ASV_633",-0.113610126448289
"6","vir_ASV_3","ASV_697",-0.0709378054128932
"7","vir_ASV_3","ASV_1043",-0.00436579944621701
"8","vir_ASV_3","ASV_1061",-0.124396727893733
"9","vir_ASV_3","ASV_1968",-0.0169958574306413
"10","vir_ASV_4","ASV_7",0.0307169224739524
"11","vir_ASV_4","ASV_16",0.145944279125934
"12","vir_ASV_4","ASV_70",0.0834842737638665
"13","vir_ASV_4","ASV_358",-0.00335224607773263
"14","vir_ASV_4","ASV_633",-0.0195419639334874
"15","vir_ASV_4","ASV_964",-0.00638409780155666
"16","vir_ASV_5","ASV_135",0.0178661021517363
"17","vir_ASV_5","ASV_625",0.000864962005918346
"18","vir_ASV_5","ASV_633",-0.128212929339002
"19","vir_ASV_5","ASV_1924",-0.0695169872295662
"20","vir_ASV_7","ASV_27",-0.0223409385409281
"21","vir_ASV_7","ASV_113",0.0277082697962504
"22","vir_ASV_7","ASV_244",0.0135885179369155
"23","vir_ASV_7","ASV_308",0.0210338663825597
"24","vir_ASV_8","ASV_144",0.0151162842337337
"25","vir_ASV_8","ASV_186",0.0402267987645384
"26","vir_ASV_8","ASV_198",0.0511923662308569
"27","vir_ASV_8","ASV_530",0.00796118930011253
"28","vir_ASV_10","ASV_227",0.0227482184628539
"29","vir_ASV_10","ASV_260",0.0226697218015454
"30","vir_ASV_10","ASV_318",0.0541089441822849
"31","vir_ASV_10","ASV_1043",0.00818954292346663
"32","vir_ASV_10","ASV_1321",0.00965229471889045
"33","vir_ASV_11","ASV_11",-0.136976796668224
"34","vir_ASV_11","ASV_356",-0.00364518811379502
"35","vir_ASV_11","ASV_619",0.0598104504398309
"36","vir_ASV_14","ASV_227",0.11312454886657
"37","vir_ASV_14","ASV_260",0.0703670202529854
"38","vir_ASV_14","ASV_1043",0.173919448099597
"39","vir_ASV_15","ASV_27",-0.0944578996207419
"40","vir_ASV_15","ASV_717",-0.00287981806383297
"41","vir_ASV_16","ASV_657",-0.0342246674401653
"42","vir_ASV_16","ASV_838",0.0444655082939053
"43","vir_ASV_16","ASV_1061",0.0941883273408369
"44","vir_ASV_17","ASV_113",0.0514463130076675
"45","vir_ASV_17","ASV_697",-0.0188918297020209
"46","vir_ASV_17","ASV_1924",-0.00654685590084902
"47","vir_ASV_17","ASV_1968",-0.027961559682192
"48","vir_ASV_18","ASV_1453",0.0449419930314163
"49","vir_ASV_19","ASV_11",0.0119967889321179
"50","vir_ASV_19","ASV_18",0.0312462274723321
"51","vir_ASV_19","ASV_27",-0.0279890316113172
"52","vir_ASV_19","ASV_70",0.0378598780484643
"53","vir_ASV_22","ASV_373",0.00120735112435333
"54","vir_ASV_23","ASV_37",-0.00630602566293204
"55","vir_ASV_23","ASV_643",0.0248312784493807
"56","vir_ASV_23","ASV_764",-0.00195384873983165
"57","vir_ASV_24","ASV_85",-0.0683192291308798
"58","vir_ASV_25","ASV_50",0.0168247306451474
"59","vir_ASV_25","ASV_463",0.00474945470083971
"60","vir_ASV_26","ASV_7",0.0189676184732842
"61","vir_ASV_26","ASV_10",0.0711178631548968
"62","vir_ASV_26","ASV_16",0.0157448134536333
"63","vir_ASV_26","ASV_83",-0.00444697849119302
"64","vir_ASV_26","ASV_101",-0.00886405370101331
"65","vir_ASV_26","ASV_318",-0.162404477775945
"66","vir_ASV_27","ASV_356",-1.38111747411684e-05
"67","vir_ASV_28","ASV_200",0.0105502008186104
"68","vir_ASV_28","ASV_259",0.0801047504606269
"69","vir_ASV_28","ASV_335",0.102131218015355
"70","vir_ASV_32","ASV_740",0.0056729000993882
"71","vir_ASV_33","ASV_88",0.0538162148327239
"72","vir_ASV_33","ASV_1030",-0.0191684202623884
"73","vir_ASV_34","ASV_41",-0.0316046927514006
"74","vir_ASV_34","ASV_200",0.0271768300221817
"75","vir_ASV_36","ASV_60",-0.108348917656424
"76","vir_ASV_39","ASV_1580",-0.0202734775479086
"77","vir_ASV_41","ASV_37",0.0303414263117137
"78","vir_ASV_41","ASV_60",0.100078705338347
"79","vir_ASV_41","ASV_143",-0.0496108885291607
"80","vir_ASV_43","ASV_764",0.0394673828201845
"81","vir_ASV_44","ASV_615",0.0140012743871169
"82","vir_ASV_44","ASV_1061",-0.0077093291944747
"83","vir_ASV_44","ASV_1321",-0.0352165698055485
"84","vir_ASV_45","ASV_50",0.0371668155906147
"85","vir_ASV_46","ASV_219",-0.00193955650759134
"86","vir_ASV_46","ASV_360",-0.0382924396238083
"87","vir_ASV_46","ASV_535",0.0383584228728998
"88","vir_ASV_46","ASV_677",0.02023602901901
"89","vir_ASV_46","ASV_694",0.0249925178510195
"90","vir_ASV_46","ASV_1061",0.0027229284189417
"91","vir_ASV_47","ASV_18",0.0425464978978537
"92","vir_ASV_47","ASV_42",-0.0264596685059632
"93","vir_ASV_47","ASV_308",0.055306811853758
"94","vir_ASV_47","ASV_764",-0.0125542518373936
"95","vir_ASV_47","ASV_1149",-0.00959162901828467
"96","vir_ASV_48","ASV_356",0.156748668294914
"97","vir_ASV_49","ASV_42",0.060130358505828
"98","vir_ASV_49","ASV_227",0.0638723475078307
"99","vir_ASV_50","ASV_42",0.0213758382707387
"100","vir_ASV_50","ASV_259",0.00686314126645873
"101","vir_ASV_50","ASV_615",0.00171178928198132
"102","vir_ASV_53","ASV_11",-0.032336350404464
"103","vir_ASV_53","ASV_18",-0.0301204185700203
"104","vir_ASV_53","ASV_70",-0.0623703210625353
"105","vir_ASV_53","ASV_974",-0.0099203190090878
"106","vir_ASV_54","ASV_500",0.0040219048705224
"107","vir_ASV_55","ASV_227",0.000590144609646931
"108","vir_ASV_55","ASV_356",-0.00613672692620862
"109","vir_ASV_55","ASV_463",-0.0386575924512398
"110","vir_ASV_55","ASV_615",0.0103618838991235
"111","vir_ASV_55","ASV_717",0.229146380364906
"112","vir_ASV_56","ASV_186",0.0609946453301955
"113","vir_ASV_56","ASV_373",0.0669940954097594
"114","vir_ASV_57","ASV_129",-0.0424251767878284
"115","vir_ASV_57","ASV_407",-0.0433882754619808
"116","vir_ASV_58","ASV_131",-0.0609105057097973
"117","vir_ASV_59","ASV_974",-0.00104010089419834
"118","vir_ASV_60","ASV_308",0.00555214400929566
"119","vir_ASV_61","ASV_1453",0.00158431309986731
"120","vir_ASV_62","ASV_11",-0.028229067744573
"121","vir_ASV_62","ASV_20",-0.09259455235693
"122","vir_ASV_62","ASV_60",0.0557596694319794
"123","vir_ASV_62","ASV_530",0.00356830578732736
"124","vir_ASV_62","ASV_683",-0.0184352206898617
"125","vir_ASV_64","ASV_7",0.0485389198272514
"126","vir_ASV_65","ASV_113",0.132560627166284
"127","vir_ASV_65","ASV_619",0.00549787879724817
"128","vir_ASV_65","ASV_657",0.0512726337186548
"129","vir_ASV_66","ASV_20",0.0272981901556586
"130","vir_ASV_67","ASV_70",0.0271061841120523
"131","vir_ASV_67","ASV_85",0.00593409484562851
"132","vir_ASV_67","ASV_530",-0.00421919563800957
"133","vir_ASV_67","ASV_683",0.0154015514911834
"134","vir_ASV_67","ASV_740",0.0516286344754624
"135","vir_ASV_68","ASV_198",0.046471797402475
"136","vir_ASV_68","ASV_308",0.0204225669561287
"137","vir_ASV_69","ASV_41",-0.0177497737853697
"138","vir_ASV_69","ASV_83",-0.0162968692146109
"139","vir_ASV_69","ASV_335",0.0527998103663072
"140","vir_ASV_70","ASV_113",0.0511912593090741
"141","vir_ASV_70","ASV_740",0.0738494282835355
"142","vir_ASV_70","ASV_1165",-0.012165843434262
"143","vir_ASV_71","ASV_677",-0.0629969026878592
"144","vir_ASV_72","ASV_60",0.0207065604661053
"145","vir_ASV_73","ASV_130",-0.00902894085909434
"146","vir_ASV_73","ASV_838",0.0164796648324471
"147","vir_ASV_73","ASV_1310",0.00476733339779814
"148","vir_ASV_75","ASV_50",0.0268439376800964
"149","vir_ASV_75","ASV_771",0.0143204593441445
"150","vir_ASV_77","ASV_27",0.0857446050278479
"151","vir_ASV_77","ASV_434",-0.0114434881823913
"152","vir_ASV_78","ASV_70",0.0027659550116276
"153","vir_ASV_79","ASV_20",0.0375621957510236
"154","vir_ASV_80","ASV_8",0.0815296433999042
"155","vir_ASV_80","ASV_244",0.0653226433660668
"156","vir_ASV_80","ASV_463",-0.0354731756640078
"157","vir_ASV_80","ASV_771",-0.0275750102229892
"158","vir_ASV_81","ASV_83",-0.00833888792209081
"159","vir_ASV_81","ASV_740",0.0352417610900101
"160","vir_ASV_82","ASV_143",-0.0430929294279307
"161","vir_ASV_84","ASV_974",-0.0209066269254772
"162","vir_ASV_86","ASV_198",-0.0018984990574144
"163","vir_ASV_86","ASV_434",-0.0251476174303231
"164","vir_ASV_86","ASV_463",-0.00477237956963686
"165","vir_ASV_86","ASV_754",-0.0278537364628019
"166","vir_ASV_87","ASV_55",-0.0181170055291204
"167","vir_ASV_87","ASV_198",0.0221331058928579
"168","vir_ASV_87","ASV_697",-0.0759239508971185
"169","vir_ASV_89","ASV_131",0.0419279249771272
"170","vir_ASV_89","ASV_643",0.00116159661034143
"171","vir_ASV_89","ASV_1651",0.0114843488809066
"172","vir_ASV_90","ASV_566",-0.0407692130279351
"173","vir_ASV_91","ASV_171",0.00223849054573505
"174","vir_ASV_91","ASV_463",0.0572517431835468
"175","vir_ASV_91","ASV_780",-0.0647518925415956
"176","vir_ASV_91","ASV_1310",-0.032520169341173
"177","vir_ASV_91","ASV_1453",-0.0729487902256871
"178","vir_ASV_91","ASV_1669",-0.0814349194131528
"179","vir_ASV_93","ASV_326",-0.00385102550324667
"180","vir_ASV_94","ASV_27",0.0232095729805391
"181","vir_ASV_95","ASV_131",0.0198194353958328
"182","vir_ASV_95","ASV_1030",0.00488173463732017
"183","vir_ASV_96","ASV_27",-0.0850248614534778
"184","vir_ASV_99","ASV_10",-0.104690040649203
"185","vir_ASV_99","ASV_16",-0.0298864264480065
"186","vir_ASV_99","ASV_1453",0.013735272469832
"187","vir_ASV_100","ASV_463",0.0221705732375081
"188","vir_ASV_100","ASV_974",-0.0108014287575132
"189","vir_ASV_101","ASV_360",-0.00923313576812432
"190","vir_ASV_101","ASV_1030",0.0170222965493803
"191","vir_ASV_101","ASV_1043",0.035891792040223
"192","vir_ASV_101","ASV_1675",0.11138745241195
"193","vir_ASV_103","ASV_717",-0.0168557708123941
"194","vir_ASV_103","ASV_885",0.0528965690305825
"195","vir_ASV_108","ASV_677",-0.0365327120020555
"196","vir_ASV_108","ASV_1580",-0.0259706008289324
"197","vir_ASV_110","ASV_530",0.0511565209004237
"198","vir_ASV_110","ASV_619",0.0440115897532525
"199","vir_ASV_111","ASV_130",0.0275391817473543
"200","vir_ASV_111","ASV_500",0.042012995957357
"201","vir_ASV_112","ASV_20",0.0165615112551462
"202","vir_ASV_112","ASV_70",0.0187355604794526
"203","vir_ASV_114","ASV_20",0.0239394259035554
"204","vir_ASV_114","ASV_83",-0.0121630813284223
"205","vir_ASV_114","ASV_130",0.0889590326926549
"206","vir_ASV_118","ASV_697",-0.0121921596016832
"207","vir_ASV_119","ASV_677",-0.00449220009919157
"208","vir_ASV_120","ASV_88",0.00189799564593948
"209","vir_ASV_121","ASV_85",-0.073037399886965
"210","vir_ASV_121","ASV_566",0.0689559725860587
"211","vir_ASV_122","ASV_144",-0.0313695513484813
"212","vir_ASV_122","ASV_198",-0.0155090631711502
"213","vir_ASV_123","ASV_60",-0.182891235748288
"214","vir_ASV_123","ASV_735",0.0770055761233666
"215","vir_ASV_123","ASV_754",-0.00968084967419439
"216","vir_ASV_124","ASV_89",-0.0176085538284605
"217","vir_ASV_125","ASV_1043",0.122249432141116
"218","vir_ASV_126","ASV_55",-0.0233909565191786
"219","vir_ASV_126","ASV_130",0.101691474380541
"220","vir_ASV_126","ASV_566",0.00377439263638635
"221","vir_ASV_126","ASV_1669",0.0238262444380141
"222","vir_ASV_128","ASV_11",-0.0875031635290446
"223","vir_ASV_129","ASV_227",-0.104319565121925
"224","vir_ASV_129","ASV_463",0.0181309570497787
"225","vir_ASV_130","ASV_144",0.0602430481204383
"226","vir_ASV_130","ASV_356",-0.0175676592863355
"227","vir_ASV_131","ASV_50",0.00760039046196564
"228","vir_ASV_132","ASV_335",-0.0422691428628402
"229","vir_ASV_132","ASV_463",0.0701097498491629
"230","vir_ASV_132","ASV_771",0.156638795398673
"231","vir_ASV_135","ASV_7",0.0215166802014143
"232","vir_ASV_135","ASV_37",-0.0161185163375756
"233","vir_ASV_135","ASV_41",-0.153386815587178
"234","vir_ASV_135","ASV_88",-0.00513149447113695
"235","vir_ASV_135","ASV_200",0.0916462495387365
"236","vir_ASV_135","ASV_318",-0.0339994229474216
"237","vir_ASV_135","ASV_764",-0.0555257012917189
"238","vir_ASV_137","ASV_633",0.064854193302321
"239","vir_ASV_137","ASV_964",0.0127699388112711
"240","vir_ASV_138","ASV_41",-0.005396652622982
"241","vir_ASV_138","ASV_42",0.0603286362739703
"242","vir_ASV_138","ASV_186",0.00925716051473127
"243","vir_ASV_138","ASV_697",-0.00120091997895061
"244","vir_ASV_139","ASV_434",-0.138676954682035
"245","vir_ASV_139","ASV_1030",0.0127057178455961
"246","vir_ASV_140","ASV_434",0.040680863481707
"247","vir_ASV_141","ASV_50",0.0353164050627245
"248","vir_ASV_141","ASV_88",-0.0210945904485569
"249","vir_ASV_142","ASV_198",0.0288109387046726
"250","vir_ASV_144","ASV_308",0.0220002522728236
"251","vir_ASV_144","ASV_677",0.00148709979611347
"252","vir_ASV_146","ASV_50",0.0545583723326568
"253","vir_ASV_146","ASV_70",0.0112166593190859
"254","vir_ASV_146","ASV_615",0.128300813416041
"255","vir_ASV_146","ASV_683",0.181606424259385
"256","vir_ASV_147","ASV_55",0.000693564533146646
"257","vir_ASV_147","ASV_838",0.0607046005359959
"258","vir_ASV_148","ASV_838",0.0348726125904129
"259","vir_ASV_149","ASV_18",0.100332020184766
"260","vir_ASV_149","ASV_463",-0.00305744674329045
"261","vir_ASV_149","ASV_683",0.0178944453752809
"262","vir_ASV_150","ASV_323",-0.00438343791076784
"263","vir_ASV_151","ASV_198",-0.046978842004288
"264","vir_ASV_151","ASV_1165",0.00153895254831024
"265","vir_ASV_151","ASV_1321",0.0546690282699882
"266","vir_ASV_153","ASV_771",-0.0408861955471384
"267","vir_ASV_156","ASV_37",-0.112497745977449
"268","vir_ASV_157","ASV_259",-0.00791015766893841
"269","vir_ASV_157","ASV_360",0.0124107321745676
"270","vir_ASV_157","ASV_373",0.164001576243693
"271","vir_ASV_157","ASV_766",-0.0257747765914195
"272","vir_ASV_159","ASV_407",0.0155687796747072
"273","vir_ASV_159","ASV_1043",0.0475309336473277
"274","vir_ASV_160","ASV_7",0.00396736639751616
"275","vir_ASV_160","ASV_10",0.00369133619210116
"276","vir_ASV_160","ASV_89",-0.00153053108444126
"277","vir_ASV_160","ASV_113",0.0452003111190858
"278","vir_ASV_160","ASV_129",0.00774639679192826
"279","vir_ASV_160","ASV_740",0.0429039604407515
"280","vir_ASV_163","ASV_227",0.00917788997803112
"281","vir_ASV_163","ASV_1675",0.0317809846098965
"282","vir_ASV_164","ASV_219",-0.0154339983206363
"283","vir_ASV_165","ASV_838",0.0642636345150875
"284","vir_ASV_165","ASV_974",0.0283411337100527
"285","vir_ASV_166","ASV_566",0.00764485113004923
"286","vir_ASV_167","ASV_625",-0.108455878385981
"287","vir_ASV_168","ASV_356",0.0332781150130749
"288","vir_ASV_168","ASV_1675",0.0225986694993422
"289","vir_ASV_171","ASV_20",0.0299725430150238
"290","vir_ASV_172","ASV_130",0.00748925835938366
"291","vir_ASV_172","ASV_360",0.0122453529606386
"292","vir_ASV_172","ASV_1675",-0.0206448763419272
"293","vir_ASV_173","ASV_8",0.0274819593658443
"294","vir_ASV_173","ASV_131",0.00612861406013365
"295","vir_ASV_174","ASV_85",0.00590298099475067
"296","vir_ASV_174","ASV_135",-0.0174898948464264
"297","vir_ASV_174","ASV_1651",0.0288740757345418
"298","vir_ASV_175","ASV_530",-0.0736180016240368
"299","vir_ASV_176","ASV_615",0.0447566111430122
"300","vir_ASV_177","ASV_308",0.0522984604380337
"301","vir_ASV_179","ASV_16",-0.0144565102848441
"302","vir_ASV_179","ASV_27",0.133198519056258
"303","vir_ASV_180","ASV_85",0.0845704888796129
"304","vir_ASV_181","ASV_10",0.113100808968557
"305","vir_ASV_181","ASV_1043",-0.0677491748404999
"306","vir_ASV_183","ASV_735",0.0110799632583061
"307","vir_ASV_183","ASV_1061",0.0379670264962328
"308","vir_ASV_184","ASV_643",0.0143218677920319
"309","vir_ASV_184","ASV_1675",0.0190838649505524
"310","vir_ASV_185","ASV_838",0.0319629776050687
"311","vir_ASV_185","ASV_1061",0.108360198981427
"312","vir_ASV_187","ASV_135",0.154823003530807
"313","vir_ASV_187","ASV_144",0.251789029420984
"314","vir_ASV_187","ASV_619",0.0172905022296587
"315","vir_ASV_188","ASV_885",0.0032535728556993
"316","vir_ASV_189","ASV_373",0.00434721777374597
"317","vir_ASV_189","ASV_417",-0.00319182651070551
"318","vir_ASV_190","ASV_50",0.0391367064604031
"319","vir_ASV_191","ASV_1030",0.0145828476316593
"320","vir_ASV_192","ASV_1043",0.0301722693711334
"321","vir_ASV_194","ASV_171",0.0059546258733717
"322","vir_ASV_194","ASV_434",0.00960140498933776
"323","vir_ASV_194","ASV_1030",-0.00130593761460046
"324","vir_ASV_195","ASV_1924",0.0258489314327114
"325","vir_ASV_196","ASV_85",0.0234273015841648
"326","vir_ASV_196","ASV_88",0.00943172384767166
"327","vir_ASV_196","ASV_244",-0.00948928800853335
"328","vir_ASV_196","ASV_417",-0.0498018272447521
"329","vir_ASV_197","ASV_434",-0.133385700758961
"330","vir_ASV_197","ASV_735",0.132785391832193
"331","vir_ASV_200","ASV_7",-0.0214383656038363
"332","vir_ASV_200","ASV_260",0.00419415232872641
"333","vir_ASV_200","ASV_1043",0.01932784878978
"334","vir_ASV_201","ASV_260",0.0957609624644242
"335","vir_ASV_201","ASV_358",0.00893720849679511
"336","vir_ASV_201","ASV_1061",0.00545463542861432
"337","vir_ASV_202","ASV_20",0.0328812858897063
"338","vir_ASV_202","ASV_259",0.00926083687365756
"339","vir_ASV_204","ASV_42",0.00344039782139319
"340","vir_ASV_204","ASV_643",0.0434279199639974
"341","vir_ASV_205","ASV_1310",0.0721540210699216
"342","vir_ASV_207","ASV_101",0.0682917190873469
"343","vir_ASV_207","ASV_974",-0.0346619165909213
"344","vir_ASV_208","ASV_130",-0.0348031174110633
"345","vir_ASV_208","ASV_1310",0.0241547924680706
"346","vir_ASV_209","ASV_1310",0.0328903743472922
"347","vir_ASV_210","ASV_16",0.0423507124353895
"348","vir_ASV_210","ASV_70",0.0571144716816497
"349","vir_ASV_210","ASV_85",0.0145292646279041
"350","vir_ASV_210","ASV_259",0.0626607294995652
"351","vir_ASV_212","ASV_717",0.0443817651320255
"352","vir_ASV_215","ASV_683",-0.0152740378108785
"353","vir_ASV_215","ASV_694",0.129743396050638
"354","vir_ASV_215","ASV_1453",0.0313807960300015
"355","vir_ASV_216","ASV_89",-0.00826162561735952
"356","vir_ASV_216","ASV_407",0.00790708216582287
"357","vir_ASV_216","ASV_463",0.00794339080507869
"358","vir_ASV_216","ASV_530",0.113609652930604
"359","vir_ASV_217","ASV_20",-0.0635206564285346
"360","vir_ASV_218","ASV_55",0.0452749323499319
"361","vir_ASV_219","ASV_10",9.10122808234493e-05
"362","vir_ASV_219","ASV_85",0.0302384183177424
"363","vir_ASV_219","ASV_219",0.0111401554807253
"364","vir_ASV_219","ASV_735",0.0650106195831753
"365","vir_ASV_219","ASV_740",0.0670677707083843
"366","vir_ASV_219","ASV_1321",-0.0283829051557979
"367","vir_ASV_220","ASV_8",0.0174480160656527
"368","vir_ASV_220","ASV_129",-0.00917284175380273
"369","vir_ASV_220","ASV_373",0.0651073735634012
"370","vir_ASV_220","ASV_566",0.0071003438364714
"371","vir_ASV_221","ASV_186",0.0815530358353767
"372","vir_ASV_221","ASV_463",-0.00683241600400097
"373","vir_ASV_222","ASV_37",0.0635165805252047
"374","vir_ASV_222","ASV_41",0.0767939856390806
"375","vir_ASV_222","ASV_89",0.0125907480037894
"376","vir_ASV_222","ASV_318",0.0101333106434506
"377","vir_ASV_222","ASV_358",0.0283038985224466
"378","vir_ASV_222","ASV_407",-0.0451882102518849
"379","vir_ASV_224","ASV_130",-0.0115125832724338
"380","vir_ASV_224","ASV_259",0.0329171637512369
"381","vir_ASV_224","ASV_780",0.0175600292435509
"382","vir_ASV_229","ASV_130",0.148911496890959
"383","vir_ASV_229","ASV_1061",0.0300741063298184
"384","vir_ASV_230","ASV_135",-0.0112108156200363
"385","vir_ASV_230","ASV_434",-0.067816953387933
"386","vir_ASV_230","ASV_1061",0.0342623026283816
"387","vir_ASV_231","ASV_27",-0.0187236914461003
"388","vir_ASV_231","ASV_683",0.0221345630815685
"389","vir_ASV_233","ASV_244",0.0251916251023961
"390","vir_ASV_235","ASV_129",0.0202270042832804
"391","vir_ASV_236","ASV_50",0.0145569676148448
"392","vir_ASV_236","ASV_1310",0.00553513603831082
"393","vir_ASV_237","ASV_11",0.0335488492642257
"394","vir_ASV_237","ASV_16",0.00799756574648872
"395","vir_ASV_239","ASV_88",0.014625801970085
"396","vir_ASV_240","ASV_101",0.0409888923102307
"397","vir_ASV_240","ASV_358",0.0768497157011408
"398","vir_ASV_240","ASV_1165",0.0657455267131596
"399","vir_ASV_241","ASV_771",0.0170526757617092
"400","vir_ASV_242","ASV_1204",-0.0830728017902519
"401","vir_ASV_242","ASV_1669",0.0665442359468548
"402","vir_ASV_243","ASV_70",0.0445842406754844
"403","vir_ASV_243","ASV_219",0.0338341461072597
"404","vir_ASV_243","ASV_417",-0.00162124024461499
"405","vir_ASV_244","ASV_219",0.0605738466657385
"406","vir_ASV_244","ASV_1310",0.0684951952545802
"407","vir_ASV_246","ASV_7",0.0400978172103496
"408","vir_ASV_246","ASV_8",0.103043060766055
"409","vir_ASV_246","ASV_88",-0.0849759446302965
"410","vir_ASV_246","ASV_323",-0.0424328302873521
"411","vir_ASV_246","ASV_694",-0.0398811689981602
"412","vir_ASV_246","ASV_740",0.0137137262531664
"413","vir_ASV_247","ASV_530",-0.0361549662949099
"414","vir_ASV_249","ASV_697",0.000493874123358828
"415","vir_ASV_250","ASV_113",0.0316548517492082
"416","vir_ASV_250","ASV_186",0.0015798971770232
"417","vir_ASV_250","ASV_373",0.038061137803836
"418","vir_ASV_251","ASV_101",0.0197001494904935
"419","vir_ASV_251","ASV_735",0.0420099879660697
"420","vir_ASV_252","ASV_341",0.0410146150488331
"421","vir_ASV_252","ASV_780",0.0056720673720014
"422","vir_ASV_253","ASV_8",-0.0568179760366126
"423","vir_ASV_253","ASV_130",0.129737707076165
"424","vir_ASV_253","ASV_326",0.0809167200783698
"425","vir_ASV_254","ASV_41",-0.0320100157105681
"426","vir_ASV_254","ASV_113",0.0996289683209124
"427","vir_ASV_254","ASV_356",0.0402683229715528
"428","vir_ASV_254","ASV_407",0.000169004888175589
"429","vir_ASV_254","ASV_463",0.0115188070091886
"430","vir_ASV_254","ASV_1204",0.00459360901696076
"431","vir_ASV_254","ASV_1669",-0.0131205435992464
"432","vir_ASV_256","ASV_219",0.00330274816817819
"433","vir_ASV_256","ASV_683",0.0745225537906123
"434","vir_ASV_257","ASV_18",-0.0627507649369516
"435","vir_ASV_257","ASV_144",0.0669162176179732
"436","vir_ASV_258","ASV_373",-0.0154815437923449
"437","vir_ASV_259","ASV_683",0.0109843816330441
"438","vir_ASV_260","ASV_50",0.0594843159779957
"439","vir_ASV_261","ASV_10",0.00290972417097884
"440","vir_ASV_261","ASV_16",-0.00370961493697311
"441","vir_ASV_262","ASV_260",0.0444568127102333
"442","vir_ASV_270","ASV_130",0.0299224726217125
"443","vir_ASV_271","ASV_131",0.0165926571814074
"444","vir_ASV_271","ASV_735",-0.00107787332631051
"445","vir_ASV_274","ASV_16",0.0693947085254724
"446","vir_ASV_274","ASV_41",-0.0626923272480071
"447","vir_ASV_274","ASV_643",0.0281128578225807
"448","vir_ASV_275","ASV_16",0.107686806056428
"449","vir_ASV_275","ASV_60",-0.0175851379641076
"450","vir_ASV_278","ASV_55",0.163110254955746
"451","vir_ASV_279","ASV_101",0.00165432084674194
"452","vir_ASV_279","ASV_171",0.0308124769643256
"453","vir_ASV_280","ASV_20",0.067813714677539
"454","vir_ASV_280","ASV_129",0.0149260746340877
"455","vir_ASV_280","ASV_219",0.0512638917200132
"456","vir_ASV_280","ASV_227",0.0786918173759246
"457","vir_ASV_283","ASV_766",0.0674790179267413
"458","vir_ASV_286","ASV_1061",0.00586828453661015
"459","vir_ASV_288","ASV_7",0.0250829731580386
"460","vir_ASV_289","ASV_130",-0.039241111631346
"461","vir_ASV_292","ASV_10",0.023233933052935
"462","vir_ASV_292","ASV_50",0.0399362375140224
"463","vir_ASV_292","ASV_131",0.0508102150488652
"464","vir_ASV_292","ASV_740",0.0552385692300585
"465","vir_ASV_293","ASV_20",0.00370378941349425
"466","vir_ASV_295","ASV_10",-0.0490263323415778
"467","vir_ASV_295","ASV_20",0.05058314251031
"468","vir_ASV_295","ASV_1061",0.00828037121169323
"469","vir_ASV_296","ASV_55",0.0379115987244378
"470","vir_ASV_296","ASV_60",-0.0103428478001195
"471","vir_ASV_296","ASV_219",0.018668653172869
"472","vir_ASV_296","ASV_259",0.0950657144969254
"473","vir_ASV_296","ASV_615",0.0854639495794741
"474","vir_ASV_298","ASV_50",0.0459110232623362
"475","vir_ASV_298","ASV_326",-0.0529972798740997
"476","vir_ASV_298","ASV_1968",0.023150240262705
"477","vir_ASV_299","ASV_1061",0.0431801462189373
"478","vir_ASV_300","ASV_1675",0.016804284536554
"479","vir_ASV_302","ASV_7",0.0144075992547224
"480","vir_ASV_302","ASV_10",0.0210201975307077
"481","vir_ASV_302","ASV_323",-0.00384542050442449
"482","vir_ASV_303","ASV_735",0.0218489899999929
"483","vir_ASV_304","ASV_20",0.0217646643688536
"484","vir_ASV_306","ASV_1669",0.00700161896495488
"485","vir_ASV_308","ASV_83",0.0219326782343528
"486","vir_ASV_308","ASV_780",0.0290776840045189
"487","vir_ASV_308","ASV_1165",0.000345407159899114
"488","vir_ASV_311","ASV_144",0.00798079896569998
"489","vir_ASV_311","ASV_885",0.00085314266649425
"490","vir_ASV_312","ASV_8",0.0380479084709257
"491","vir_ASV_314","ASV_18",0.101615980723971
"492","vir_ASV_314","ASV_55",0.10294483792195
"493","vir_ASV_316","ASV_7",-0.010499751508678
"494","vir_ASV_317","ASV_130",-0.019897431008913
"495","vir_ASV_319","ASV_11",0.0227600166020593
"496","vir_ASV_321","ASV_677",0.00256999577329761
"497","vir_ASV_326","ASV_60",0.0136915634691926
"498","vir_ASV_326","ASV_219",-0.0452330925717822
"499","vir_ASV_326","ASV_407",0.084654873244354
"500","vir_ASV_326","ASV_463",0.067684839679281
"501","vir_ASV_326","ASV_619",0.0234165086297823
"502","vir_ASV_326","ASV_625",0.0570981911332048
"503","vir_ASV_326","ASV_683",-0.0130067977222847
"504","vir_ASV_326","ASV_1669",-4.90077410190137e-05
"505","vir_ASV_327","ASV_83",-0.00538278608612591
"506","vir_ASV_327","ASV_110",0.0531965565401615
"507","vir_ASV_327","ASV_318",-0.00340955338030763
"508","vir_ASV_331","ASV_131",0.00151487851223664
"509","vir_ASV_331","ASV_356",0.102937475454003
"510","vir_ASV_331","ASV_643",0.0616620262929392
"511","vir_ASV_331","ASV_735",-0.0189650916583174
"512","vir_ASV_332","ASV_1149",-0.00416925940081586
"513","vir_ASV_332","ASV_1651",0.104114854802127
"514","vir_ASV_334","ASV_885",-0.125233534905472
"515","vir_ASV_334","ASV_1673",-0.0193727658967928
"516","vir_ASV_335","ASV_7",0.0651045724500412
"517","vir_ASV_335","ASV_326",-0.00616178209892221
"518","vir_ASV_336","ASV_130",0.0299233203210657
"519","vir_ASV_336","ASV_1651",-0.0109134486884164
"520","vir_ASV_337","ASV_1675",0.0627612583897287
"521","vir_ASV_338","ASV_417",0.0566738453986114
"522","vir_ASV_339","ASV_615",-0.0486428933309221
"523","vir_ASV_341","ASV_186",0.114735990006033
"524","vir_ASV_341","ASV_198",0.0224370375529419
"525","vir_ASV_341","ASV_219",-0.0351394729239243
"526","vir_ASV_341","ASV_308",0.0207625901142801
"527","vir_ASV_343","ASV_335",0.00692951813804479
"528","vir_ASV_343","ASV_764",0.0137895946977189
"529","vir_ASV_344","ASV_1165",0.0393147891249986
"530","vir_ASV_346","ASV_18",0.00247106509832662
"531","vir_ASV_347","ASV_50",0.0238506913801424
"532","vir_ASV_347","ASV_70",0.0246107082926283
"533","vir_ASV_348","ASV_55",0.0937559169600009
"534","vir_ASV_348","ASV_780",0.0729855507838298
"535","vir_ASV_349","ASV_694",0.0107306473503575
"536","vir_ASV_349","ASV_780",0.109271573819809
"537","vir_ASV_350","ASV_55",0.000142788227509377
"538","vir_ASV_350","ASV_735",0.0221610460629518
"539","vir_ASV_352","ASV_244",0.0445473171111276
"540","vir_ASV_352","ASV_1310",-0.0126943215562035
"541","vir_ASV_352","ASV_1673",-0.0424212427539772
"542","vir_ASV_354","ASV_129",0.0110533450253271
"543","vir_ASV_354","ASV_434",-0.0160032192274513
"544","vir_ASV_356","ASV_7",0.0397721956302238
"545","vir_ASV_357","ASV_8",-0.0211782526123549
"546","vir_ASV_357","ASV_356",0.0152846081547486
"547","vir_ASV_359","ASV_131",0.0406346127679231
"548","vir_ASV_360","ASV_130",-0.0296104746997714
"549","vir_ASV_360","ASV_463",0.00632281791841982
"550","vir_ASV_360","ASV_694",0.0351132275512812
"551","vir_ASV_362","ASV_619",0.0737602540833845
"552","vir_ASV_364","ASV_88",0.169037534837244
"553","vir_ASV_364","ASV_130",0.0513455635324037
"554","vir_ASV_364","ASV_358",0.0332389969516597
"555","vir_ASV_364","ASV_838",-0.0362852306517223
"556","vir_ASV_364","ASV_1310",-0.0546216280148915
"557","vir_ASV_366","ASV_83",-0.00415933102760735
"558","vir_ASV_367","ASV_780",0.00475757769157703
"559","vir_ASV_370","ASV_113",0.0660031441321219
"560","vir_ASV_370","ASV_308",0.0530943685832737
"561","vir_ASV_370","ASV_1321",-0.0814130666675607
"562","vir_ASV_371","ASV_417",0.0063570696952355
"563","vir_ASV_371","ASV_1453",0.00270971575788032
"564","vir_ASV_372","ASV_89",0.00495956000472872
"565","vir_ASV_372","ASV_360",0.000360314170216008
"566","vir_ASV_372","ASV_566",-0.00613338783129982
"567","vir_ASV_374","ASV_88",0.0363539171984822
"568","vir_ASV_374","ASV_1061",-0.0537270895233597
"569","vir_ASV_375","ASV_50",0.106512717878109
"570","vir_ASV_376","ASV_50",-0.00142092389378431
"571","vir_ASV_376","ASV_200",0.143683079152043
"572","vir_ASV_376","ASV_974",0.0956245388340454
"573","vir_ASV_379","ASV_244",0.0619534250085494
"574","vir_ASV_379","ASV_335",-0.0404591294789547
"575","vir_ASV_379","ASV_615",0.0573229064044245
"576","vir_ASV_379","ASV_683",0.129499351635321
"577","vir_ASV_379","ASV_740",0.0626665262959654
"578","vir_ASV_379","ASV_771",-0.00380619364852977
"579","vir_ASV_380","ASV_50",0.138094245292983
"580","vir_ASV_381","ASV_358",0.000991232664196595
"581","vir_ASV_381","ASV_1321",0.0282889937689548
"582","vir_ASV_382","ASV_1030",0.0217422389252289
"583","vir_ASV_384","ASV_318",0.000908128852792178
"584","vir_ASV_384","ASV_657",-0.00975512538545781
"585","vir_ASV_386","ASV_55",0.094010883859147
"586","vir_ASV_386","ASV_360",0.0512969810666615
"587","vir_ASV_387","ASV_41",0.00116861476981672
"588","vir_ASV_387","ASV_358",0.00827029864338957
"589","vir_ASV_389","ASV_16",0.0653031499798626
"590","vir_ASV_389","ASV_657",0.0687368525868934
"591","vir_ASV_390","ASV_227",0.121915070603866
"592","vir_ASV_392","ASV_60",0.0222902111496824
"593","vir_ASV_393","ASV_407",0.0907487285081141
"594","vir_ASV_394","ASV_37",0.0235716654959349
"595","vir_ASV_394","ASV_129",-0.00891648176078183
"596","vir_ASV_394","ASV_407",-0.0146420099232032
"597","vir_ASV_396","ASV_657",0.0376838735619343
"598","vir_ASV_399","ASV_143",0.0088906763960328
"599","vir_ASV_399","ASV_530",0.00250409261442364
"600","vir_ASV_400","ASV_55",0.000534320906561997
"601","vir_ASV_400","ASV_60",-0.0513410585692166
"602","vir_ASV_400","ASV_88",0.0548105514120714
"603","vir_ASV_403","ASV_101",0.0160099243941033
"604","vir_ASV_403","ASV_358",0.0032252880963391
"605","vir_ASV_406","ASV_356",0.0581200246363197
"606","vir_ASV_406","ASV_643",0.00363109716839971
"607","vir_ASV_407","ASV_244",-0.0265929572738375
"608","vir_ASV_408","ASV_143",0.0232960019752995
"609","vir_ASV_410","ASV_360",0.0112161873922166
"610","vir_ASV_412","ASV_11",0.001600252414451
"611","vir_ASV_412","ASV_110",0.0115582809668281
"612","vir_ASV_412","ASV_113",0.00694918113946874
"613","vir_ASV_412","ASV_143",0.0227647604854437
"614","vir_ASV_415","ASV_500",0.033749430842691
"615","vir_ASV_416","ASV_200",0.110112242085251
"616","vir_ASV_418","ASV_764",0.0233742332991141
"617","vir_ASV_421","ASV_683",-0.000510481277650798
"618","vir_ASV_423","ASV_1968",0.00548202419150884
"619","vir_ASV_424","ASV_974",0.0100407995728892
"620","vir_ASV_425","ASV_83",0.00316852119188357
"621","vir_ASV_425","ASV_88",0.00348515197515745
"622","vir_ASV_425","ASV_683",0.0306578273765707
"623","vir_ASV_425","ASV_771",0.0346061853595596
"624","vir_ASV_427","ASV_20",-0.0418862677799021
"625","vir_ASV_427","ASV_70",0.00660390035046879
"626","vir_ASV_427","ASV_143",0.00292367431552834
"627","vir_ASV_427","ASV_643",0.00104410903959026
"628","vir_ASV_428","ASV_88",0.0481656513772102
"629","vir_ASV_428","ASV_101",0.0261834664380915
"630","vir_ASV_428","ASV_341",0.0521351162747193
"631","vir_ASV_428","ASV_434",0.00537198118674603
"632","vir_ASV_428","ASV_1580",-0.0155825599631804
"633","vir_ASV_430","ASV_129",0.104678559090962
"634","vir_ASV_430","ASV_735",0.0835647462197775
"635","vir_ASV_431","ASV_260",0.0187711126062551
"636","vir_ASV_435","ASV_259",0.0829269800738558
"637","vir_ASV_435","ASV_625",-0.00503478146629019
"638","vir_ASV_436","ASV_500",0.0260331830225192
"639","vir_ASV_437","ASV_41",-0.0304874702336887
"640","vir_ASV_437","ASV_50",-0.00753617605444046
"641","vir_ASV_437","ASV_89",-0.0792060159452895
"642","vir_ASV_437","ASV_227",0.0229670579439061
"643","vir_ASV_437","ASV_677",-0.0154676175443896
"644","vir_ASV_440","ASV_677",0.0139381085087943
"645","vir_ASV_441","ASV_1453",0.00836484736156251
"646","vir_ASV_443","ASV_198",0.15888960344254
"647","vir_ASV_443","ASV_530",0.11168797035165
"648","vir_ASV_443","ASV_643",-0.00578313178733053
"649","vir_ASV_444","ASV_41",0.00909097708248613
"650","vir_ASV_444","ASV_60",0.0562610409182741
"651","vir_ASV_444","ASV_186",-0.00333742598327372
"652","vir_ASV_444","ASV_227",-0.00439341246738043
"653","vir_ASV_444","ASV_838",0.0271268097076991
"654","vir_ASV_446","ASV_55",0.0221588053555418
"655","vir_ASV_447","ASV_20",-0.022029232556759
"656","vir_ASV_447","ASV_27",0.0756132241625828
"657","vir_ASV_447","ASV_260",0.0296811304541913
"658","vir_ASV_447","ASV_341",0.196377654013413
"659","vir_ASV_447","ASV_633",0.126889574486295
"660","vir_ASV_450","ASV_70",-0.00331102721979398
"661","vir_ASV_450","ASV_198",0.00774747313666241
"662","vir_ASV_454","ASV_50",0.0303328475714948
"663","vir_ASV_457","ASV_219",0.120820458021014
"664","vir_ASV_457","ASV_326",0.00511672964197435
"665","vir_ASV_457","ASV_735",0.0241441536783296
"666","vir_ASV_458","ASV_60",-0.0206250872326835
"667","vir_ASV_458","ASV_88",0.0142599631628091
"668","vir_ASV_460","ASV_27",0.0123238138321705
"669","vir_ASV_460","ASV_358",0.0232572002925593
"670","vir_ASV_460","ASV_535",0.0551167137758451
"671","vir_ASV_460","ASV_633",0.0165696617808457
"672","vir_ASV_462","ASV_633",0.00688271400228568
"673","vir_ASV_463","ASV_198",0.00496990563545585
"674","vir_ASV_463","ASV_308",0.0172267124618616
"675","vir_ASV_463","ASV_740",-0.00811343372847051
"676","vir_ASV_463","ASV_766",0.0407095808108681
"677","vir_ASV_463","ASV_885",0.0357373740210914
"678","vir_ASV_463","ASV_1651",-0.0187758158640102
"679","vir_ASV_465","ASV_88",0.0131503648153006
"680","vir_ASV_465","ASV_129",0.133827628060609
"681","vir_ASV_465","ASV_198",0.0110151746738748
"682","vir_ASV_465","ASV_463",0.233971945473545
"683","vir_ASV_465","ASV_619",0.137754294938315
"684","vir_ASV_465","ASV_643",-0.0356466615107961
"685","vir_ASV_466","ASV_259",0.000565958068831307
"686","vir_ASV_466","ASV_1669",-0.0498455081234473
"687","vir_ASV_468","ASV_85",0.217418312642538
"688","vir_ASV_469","ASV_358",0.0111994459277882
"689","vir_ASV_469","ASV_838",0.00420643788370104
"690","vir_ASV_472","ASV_323",0.00947862837260707
"691","vir_ASV_473","ASV_88",0.0011460622137574
"692","vir_ASV_473","ASV_373",0.0108337643205579
"693","vir_ASV_474","ASV_260",0.0185723677036147
"694","vir_ASV_474","ASV_535",0.00453660728158967
"695","vir_ASV_475","ASV_88",0.0634631638312649
"696","vir_ASV_475","ASV_335",-0.0190510854713007
"697","vir_ASV_475","ASV_754",0.15901420538545
"698","vir_ASV_475","ASV_1149",0.0889940314340122
"699","vir_ASV_475","ASV_1580",-0.0646441328453268
"700","vir_ASV_478","ASV_244",0.00187984843200087
"701","vir_ASV_478","ASV_360",0.00732322496718457
"702","vir_ASV_478","ASV_683",0.0700347666566511
"703","vir_ASV_479","ASV_697",0.0551425757324521
"704","vir_ASV_481","ASV_88",0.0490938800912279
"705","vir_ASV_481","ASV_771",0.00095644605648762
"706","vir_ASV_482","ASV_16",0.0487499239683452
"707","vir_ASV_482","ASV_308",0.125618977654076
"708","vir_ASV_487","ASV_260",0.0765472797963814
"709","vir_ASV_488","ASV_55",0.014665935992825
"710","vir_ASV_490","ASV_27",0.036594711350951
"711","vir_ASV_490","ASV_633",0.0148253392170795
"712","vir_ASV_497","ASV_838",0.0421009596123164
"713","vir_ASV_498","ASV_55",0.0323477131482104
"714","vir_ASV_502","ASV_85",0.0564100499096607
"715","vir_ASV_502","ASV_1204",-0.0107078386962169
"716","vir_ASV_503","ASV_780",0.0630191547682991
"717","vir_ASV_507","ASV_27",0.0164461011693199
"718","vir_ASV_507","ASV_657",-0.00916998367119157
"719","vir_ASV_507","ASV_838",0.0663082252417868
"720","vir_ASV_508","ASV_244",-0.0281606440370834
"721","vir_ASV_508","ASV_1061",0.00475912123965161
"722","vir_ASV_509","ASV_42",0.00131872791994356
"723","vir_ASV_509","ASV_335",0.0328747515452365
"724","vir_ASV_509","ASV_625",0.104556479599503
"725","vir_ASV_509","ASV_1030",0.0262836292086945
"726","vir_ASV_512","ASV_130",0.0164420769775893
"727","vir_ASV_515","ASV_7",0.0275911147074609
"728","vir_ASV_515","ASV_1651",0.00494856921751216
"729","vir_ASV_516","ASV_1669",0.0213494832614426
"730","vir_ASV_519","ASV_85",0.000576952174247553
"731","vir_ASV_519","ASV_643",-0.0376845052187571
"732","vir_ASV_519","ASV_740",0.047149384875475
"733","vir_ASV_520","ASV_227",-0.00763731234709156
"734","vir_ASV_520","ASV_1310",0.000549507688348744
"735","vir_ASV_522","ASV_10",-0.00699642889086999
"736","vir_ASV_522","ASV_88",0.0179706114581368
"737","vir_ASV_522","ASV_771",0.0528412929717671
"738","vir_ASV_523","ASV_500",-0.0160692375541967
"739","vir_ASV_524","ASV_60",-0.0280313400818561
"740","vir_ASV_524","ASV_643",0.102147778027991
"741","vir_ASV_525","ASV_643",0.157396301192158
"742","vir_ASV_532","ASV_18",0.00354499815863246
"743","vir_ASV_534","ASV_373",0.126298151768613
"744","vir_ASV_537","ASV_101",0.0194147742724874
"745","vir_ASV_537","ASV_677",0.0688488154845223
"746","vir_ASV_537","ASV_694",0.257799640500828
"747","vir_ASV_540","ASV_323",0.0107899837353727
"748","vir_ASV_543","ASV_27",0.0782699631643241
"749","vir_ASV_543","ASV_260",0.00939334286406573
"750","vir_ASV_548","ASV_11",-0.0210951215149422
"751","vir_ASV_548","ASV_20",-0.0965850989070365
"752","vir_ASV_548","ASV_780",0.00736814241224892
"753","vir_ASV_550","ASV_318",0.0434031243078192
"754","vir_ASV_550","ASV_530",0.01085553802491
"755","vir_ASV_551","ASV_500",-0.00316055029794129
"756","vir_ASV_553","ASV_260",0.0254052958464724
"757","vir_ASV_555","ASV_101",0.00304958711186371
"758","vir_ASV_560","ASV_219",0.00898703410353333
"759","vir_ASV_560","ASV_356",0.047289945604442
"760","vir_ASV_560","ASV_407",0.0398066435455889
"761","vir_ASV_561","ASV_964",0.00859556895651051
"762","vir_ASV_564","ASV_1321",0.0228295552462089
"763","vir_ASV_565","ASV_373",0.0215621891591428
"764","vir_ASV_569","ASV_643",0.0497945676055641
"765","vir_ASV_572","ASV_740",0.0127049473912825
"766","vir_ASV_574","ASV_27",0.0292947601219871
"767","vir_ASV_574","ASV_83",0.0504252768897616
"768","vir_ASV_574","ASV_101",0.0063373106799024
"769","vir_ASV_574","ASV_260",0.00239993812255362
"770","vir_ASV_574","ASV_1030",0.0333782866233418
"771","vir_ASV_586","ASV_964",0.089367304336769
"772","vir_ASV_587","ASV_1310",-0.0597352472122356
"773","vir_ASV_589","ASV_60",0.0830830053631772
"774","vir_ASV_589","ASV_358",0.0402994420488922
"775","vir_ASV_589","ASV_754",0.170895083317664
"776","vir_ASV_591","ASV_89",0.0360828528956984
"777","vir_ASV_591","ASV_1675",0.00181592374617601
"778","vir_ASV_593","ASV_16",0.00334094665253576
"779","vir_ASV_593","ASV_50",-0.0323489073297726
"780","vir_ASV_593","ASV_129",0.00790663990659199
"781","vir_ASV_593","ASV_131",-0.0250813295660438
"782","vir_ASV_593","ASV_308",0.129902646511851
"783","vir_ASV_593","ASV_1310",-0.0758607940136553
"784","vir_ASV_594","ASV_1651",0.0334806458156258
"785","vir_ASV_597","ASV_27",0.0170675503620127
"786","vir_ASV_597","ASV_1030",0.0616443980044922
"787","vir_ASV_599","ASV_326",-0.00563606140551895
"788","vir_ASV_599","ASV_335",-0.00190883695522395
"789","vir_ASV_603","ASV_42",0.0354399604798543
"790","vir_ASV_603","ASV_260",0.00318818433757115
"791","vir_ASV_605","ASV_11",0.00290069113241054
"792","vir_ASV_605","ASV_356",0.0500517109416976
"793","vir_ASV_607","ASV_530",-0.00708187495990698
"794","vir_ASV_607","ASV_740",0.0424000957788992
"795","vir_ASV_614","ASV_16",0.0559842874635305
"796","vir_ASV_614","ASV_110",0.0192035129337311
"797","vir_ASV_614","ASV_643",0.0508180684942922
"798","vir_ASV_615","ASV_20",0.0476709944680851
"799","vir_ASV_615","ASV_341",-0.0323851354362722
"800","vir_ASV_615","ASV_1968",0.0635469201329392
"801","vir_ASV_619","ASV_50",0.0352666964782692
"802","vir_ASV_626","ASV_7",0.0123757350766068
"803","vir_ASV_626","ASV_259",0.0136262329282135
"804","vir_ASV_626","ASV_335",0.0317329804438363
"805","vir_ASV_626","ASV_657",-0.0140623583830525
"806","vir_ASV_627","ASV_11",-0.00252554976011521
"807","vir_ASV_627","ASV_697",0.0972551247937412
"808","vir_ASV_627","ASV_764",0.00380507924153242
"809","vir_ASV_631","ASV_360",0.11439013818179
"810","vir_ASV_631","ASV_683",0.0330934285789189
"811","vir_ASV_632","ASV_18",0.0171907328419426
"812","vir_ASV_632","ASV_110",0.0585709885222873
"813","vir_ASV_632","ASV_130",-0.00402773206292714
"814","vir_ASV_632","ASV_1669",-0.0171084532495505
"815","vir_ASV_635","ASV_259",-0.0288989917400677
"816","vir_ASV_636","ASV_50",0.281214308425742
"817","vir_ASV_638","ASV_619",0.0936153753259124
"818","vir_ASV_638","ASV_766",-0.0222757430901152
"819","vir_ASV_643","ASV_113",0.00349206526524121
"820","vir_ASV_654","ASV_11",0.0532210121243974
"821","vir_ASV_654","ASV_18",0.0661554691647792
"822","vir_ASV_654","ASV_143",0.00962349982643487
"823","vir_ASV_654","ASV_1310",0.0331876132835648
"824","vir_ASV_655","ASV_131",-0.0230003352261691
"825","vir_ASV_655","ASV_259",0.050878285965157
"826","vir_ASV_655","ASV_308",0.0293874828268887
"827","vir_ASV_655","ASV_885",0.090067073340145
"828","vir_ASV_657","ASV_358",0.0166975885702089
"829","vir_ASV_659","ASV_463",0.00721464857040552
"830","vir_ASV_660","ASV_463",-0.00741935079812192
"831","vir_ASV_660","ASV_1310",-0.10486404364919
"832","vir_ASV_662","ASV_27",0.0195246938152462
"833","vir_ASV_664","ASV_70",-0.0198050479761675
"834","vir_ASV_664","ASV_360",-0.00503692637044759
"835","vir_ASV_664","ASV_417",0.0310209329967469
"836","vir_ASV_664","ASV_740",-0.106270872764971
"837","vir_ASV_665","ASV_771",-0.0401076309023998
"838","vir_ASV_671","ASV_566",0.00636096435524594
"839","vir_ASV_673","ASV_754",0.0430386162875367
"840","vir_ASV_673","ASV_1149",0.0421536920870644
"841","vir_ASV_674","ASV_89",0.0207370952700394
"842","vir_ASV_674","ASV_260",0.0341780466009854
"843","vir_ASV_681","ASV_60",0.0816766199650845
"844","vir_ASV_700","ASV_740",-0.0441967779577689
"845","vir_ASV_703","ASV_50",-0.024530785524155
"846","vir_ASV_703","ASV_717",0.00241444514497316
"847","vir_ASV_705","ASV_259",0.0436890922154079
"848","vir_ASV_705","ASV_566",0.0125615658398819
"849","vir_ASV_705","ASV_766",0.0617786983191476
"850","vir_ASV_707","ASV_55",0.0714052720887312
"851","vir_ASV_707","ASV_677",0.0330416060159681
"852","vir_ASV_712","ASV_7",-0.006896846977266
"853","vir_ASV_713","ASV_318",0.0239628401350102
"854","vir_ASV_727","ASV_42",-0.0030702769325755
"855","vir_ASV_732","ASV_244",0.00107781145531266
"856","vir_ASV_745","ASV_42",-0.0174936659134442
"857","vir_ASV_745","ASV_633",0.067902933928576
"858","vir_ASV_745","ASV_697",0.0362925695439028
"859","vir_ASV_745","ASV_1675",0.0230242136246949
"860","vir_ASV_750","ASV_11",-0.0606122992144633
"861","vir_ASV_750","ASV_780",0.022803167658923
"862","vir_ASV_760","ASV_110",0.0400646324401047
"863","vir_ASV_760","ASV_735",0.0363854526335774
"864","vir_ASV_764","ASV_85",0.0689916672534025
"865","vir_ASV_766","ASV_89",0.062554138170697
"866","vir_ASV_766","ASV_619",-0.0278373178328676
"867","vir_ASV_769","ASV_417",0.0439897300385841
"868","vir_ASV_774","ASV_740",0.00391988235535182
"869","vir_ASV_774","ASV_1580",0.0639728467282181
"870","vir_ASV_783","ASV_259",0.0204599036251995
"871","vir_ASV_783","ASV_657",0.00320245008361908
"872","vir_ASV_783","ASV_764",0.0423153675396605
"873","vir_ASV_784","ASV_735",0.0708589858925859
"874","vir_ASV_787","ASV_55",0.114291446784512
"875","vir_ASV_801","ASV_131",0.0430694754131828
"876","vir_ASV_801","ASV_643",0.0471812951973746
"877","vir_ASV_804","ASV_1321",0.020841822948563
"878","vir_ASV_813","ASV_308",0.00708053539280745
"879","vir_ASV_819","ASV_70",-0.0228927662437293
"880","vir_ASV_819","ASV_717",0.00300833214296409
"881","vir_ASV_828","ASV_643",0.00778086632752095
"882","vir_ASV_828","ASV_1310",0.0114358581765035
"883","vir_ASV_835","ASV_8",-0.0148855100592065
"884","vir_ASV_852","ASV_101",0.045888320312719
"885","vir_ASV_865","ASV_16",-0.0107328203799329
"886","vir_ASV_865","ASV_683",-0.0500349129570881
"887","vir_ASV_867","ASV_838",0.0820911653137507
"888","vir_ASV_876","ASV_566",0.00476207520833266
"889","vir_ASV_876","ASV_780",0.145395013318787
"890","vir_ASV_884","ASV_50",-0.0216997703202913
"891","vir_ASV_884","ASV_110",0.00873909289862465
"892","vir_ASV_889","ASV_615",-0.0485988781035208
"893","vir_ASV_889","ASV_677",0.0352201767399622
"894","vir_ASV_892","ASV_143",-0.00292372669890276
"895","vir_ASV_892","ASV_643",-0.0506063602686019
"896","vir_ASV_920","ASV_643",-0.0618088504901854
"897","vir_ASV_920","ASV_1204",0.0417622027513464
"898","vir_ASV_940","ASV_633",0.00383016252238486
"899","vir_ASV_1098","ASV_18",-0.0054672715519932
"900","vir_ASV_1098","ASV_373",0.0804632597671155
"901","vir_ASV_1142","ASV_341",0.0455178604262231
"902","vir_ASV_1142","ASV_407",0.0156991278602523
"903","vir_ASV_1142","ASV_754",0.0784076717314222
"904","vir_ASV_1142","ASV_1165",0.0419924534066758
"905","vir_ASV_1142","ASV_1669",-0.0461999243780075
"906","vir_ASV_1143","ASV_335",-0.052086714286727
"907","vir_ASV_1143","ASV_740",0.0746663975480875
"908","vir_ASV_1143","ASV_1675",-0.0167650832878267
